<?xml version="1.0" encoding="UTF-8"?><database>
    <element label="Environments" max_length="40" name="x_cdltd_ccw1856_environments" text_index="true" type="collection">
        <element attributes="encode_utf8=false" label="Instance Credentials" max_length="32" name="instance_credentials" reference="sys_alias" type="reference"/>
        <element attributes="edge_encryption_enabled=true" label="Instance URL" max_length="1024" name="instance_url" type="url"/>
        <element attributes="edge_encryption_enabled=true" label="Name" max_length="40" name="name" type="string"/>
        <index name="index">
            <element name="instance_credentials"/>
        </index>
    </element>
</database>
