<?xml version="1.0" encoding="UTF-8"?><database>
    <element label="CICD Pipeline" max_length="40" name="x_cdltd_ccw1856_cicd_pipeline" text_index="true" type="collection">
        <element attributes="encode_utf8=false" label="Dev Environment" max_length="32" name="dev_environment" reference="x_cdltd_ccw1856_environments" type="reference"/>
        <element attributes="edge_encryption_enabled=true" label="Name" max_length="80" name="name" type="string"/>
        <element attributes="encode_utf8=false" label="Prod Environment" max_length="32" name="prod_environment" reference="x_cdltd_ccw1856_environments" type="reference"/>
        <element attributes="encode_utf8=false" label="QA Environment" max_length="32" name="qa_environment" reference="x_cdltd_ccw1856_environments" type="reference"/>
        <element attributes="encode_utf8=false" label="Test Environment" max_length="32" name="test_environment" reference="x_cdltd_ccw1856_environments" type="reference"/>
        <index name="index">
            <element name="dev_environment"/>
        </index>
        <index name="index2">
            <element name="test_environment"/>
        </index>
        <index name="index3">
            <element name="prod_environment"/>
        </index>
        <index name="index4">
            <element name="qa_environment"/>
        </index>
    </element>
</database>
