<?xml version="1.0" encoding="UTF-8"?><record_update>
    <sys_documentation element="suite" label="Suite" language="en" table="x_cdltd_ccw1856_atf_to_apps">
        <sys_documentation action="INSERT_OR_UPDATE">
            <element>suite</element>
            <help/>
            <hint/>
            <label>Suite</label>
            <language>en</language>
            <name>x_cdltd_ccw1856_atf_to_apps</name>
            <plural>Suites</plural>
            <sys_class_name>sys_documentation</sys_class_name>
            <sys_created_by>admin</sys_created_by>
            <sys_created_on>2020-04-15 00:11:27</sys_created_on>
            <sys_id>e01f93b3904810107f4468f7a3a96fd1</sys_id>
            <sys_mod_count>0</sys_mod_count>
            <sys_name>Suite</sys_name>
            <sys_package display_value="CCW1856" source="x_cdltd_ccw1856">b5a05473908010107f4468f7a3a96f5c</sys_package>
            <sys_policy/>
            <sys_scope display_value="CCW1856">b5a05473908010107f4468f7a3a96f5c</sys_scope>
            <sys_update_name>sys_documentation_x_cdltd_ccw1856_atf_to_apps_suite_en</sys_update_name>
            <sys_updated_by>admin</sys_updated_by>
            <sys_updated_on>2020-04-15 00:11:27</sys_updated_on>
            <url/>
            <url_target/>
        </sys_documentation>
    </sys_documentation>
</record_update>
