<?xml version="1.0" encoding="UTF-8"?><record_update table="sys_metadata_link">
    <sys_metadata_link action="INSERT_OR_UPDATE">
        <directory>update</directory>
        <documentkey>e534c773900810107f4468f7a3a96fe2</documentkey>
        <payload><![CDATA[<?xml version="1.0" encoding="UTF-8"?><record_update table="x_cdltd_ccw1856_dev_scopes">
    <x_cdltd_ccw1856_dev_scopes action="INSERT_OR_UPDATE">
        <active>true</active>
        <name>CCW1856</name>
        <remote_sys_id>b5a05473908010107f4468f7a3a96f5c</remote_sys_id>
        <scope>x_cdltd_ccw1856</scope>
        <sys_created_by>admin</sys_created_by>
        <sys_created_on>2020-04-15 13:04:41</sys_created_on>
        <sys_id>e534c773900810107f4468f7a3a96fe2</sys_id>
        <sys_mod_count>1</sys_mod_count>
        <sys_updated_by>admin</sys_updated_by>
        <sys_updated_on>2020-04-15 13:04:56</sys_updated_on>
    </x_cdltd_ccw1856_dev_scopes>
</record_update>
]]></payload>
        <sys_class_name>sys_metadata_link</sys_class_name>
        <sys_created_by>admin</sys_created_by>
        <sys_created_on>2020-04-15 13:07:07</sys_created_on>
        <sys_id>b1e44f73900810107f4468f7a3a96f33</sys_id>
        <sys_mod_count>0</sys_mod_count>
        <sys_name>CCW1856</sys_name>
        <sys_package display_value="CCW1856" source="x_cdltd_ccw1856">b5a05473908010107f4468f7a3a96f5c</sys_package>
        <sys_policy/>
        <sys_scope display_value="CCW1856">b5a05473908010107f4468f7a3a96f5c</sys_scope>
        <sys_update_name>sys_metadata_link_b1e44f73900810107f4468f7a3a96f33</sys_update_name>
        <sys_updated_by>admin</sys_updated_by>
        <sys_updated_on>2020-04-15 13:07:07</sys_updated_on>
        <tablename>x_cdltd_ccw1856_dev_scopes</tablename>
    </sys_metadata_link>
</record_update>
