<?xml version="1.0" encoding="UTF-8"?><record_update table="sys_user_role_contains">
    <sys_user_role_contains action="INSERT_OR_UPDATE">
        <contains display_value="workspace_user" name="workspace_user">3bf8d5b65344130084acddeeff7b122b</contains>
        <role display_value="ccw1856" name="ccw1856">f9861477908010107f4468f7a3a96f06</role>
        <sys_class_name>sys_user_role_contains</sys_class_name>
        <sys_created_by>admin</sys_created_by>
        <sys_created_on>2020-04-15 00:25:15</sys_created_on>
        <sys_id>35861477908010107f4468f7a3a96f1b</sys_id>
        <sys_mod_count>0</sys_mod_count>
        <sys_name>workspace_user.ccw1856</sys_name>
        <sys_package display_value="CCW1856" source="x_cdltd_ccw1856">b5a05473908010107f4468f7a3a96f5c</sys_package>
        <sys_policy/>
        <sys_scope display_value="CCW1856">b5a05473908010107f4468f7a3a96f5c</sys_scope>
        <sys_update_name>sys_user_role_contains_35861477908010107f4468f7a3a96f1b</sys_update_name>
        <sys_updated_by>admin</sys_updated_by>
        <sys_updated_on>2020-04-15 00:25:15</sys_updated_on>
    </sys_user_role_contains>
</record_update>
