<?xml version="1.0" encoding="UTF-8"?><record_update table="sys_embedded_help_role">
    <sys_embedded_help_role action="INSERT_OR_UPDATE">
        <order>10</order>
        <role display_value="x_cdltd_ccw1856.cicd_admin" name="x_cdltd_ccw1856.cicd_admin">53d1d4ff904010107f4468f7a3a96f78</role>
        <sys_class_name>sys_embedded_help_role</sys_class_name>
        <sys_created_by>admin</sys_created_by>
        <sys_created_on>2020-04-15 00:04:52</sys_created_on>
        <sys_id>5fd190b3908010107f4468f7a3a96f85</sys_id>
        <sys_mod_count>0</sys_mod_count>
        <sys_name>53d1d4ff904010107f4468f7a3a96f78</sys_name>
        <sys_package display_value="CCW1856" source="x_cdltd_ccw1856">b5a05473908010107f4468f7a3a96f5c</sys_package>
        <sys_policy/>
        <sys_scope display_value="CCW1856">b5a05473908010107f4468f7a3a96f5c</sys_scope>
        <sys_update_name>sys_embedded_help_role_5fd190b3908010107f4468f7a3a96f85</sys_update_name>
        <sys_updated_by>admin</sys_updated_by>
        <sys_updated_on>2020-04-15 00:04:52</sys_updated_on>
    </sys_embedded_help_role>
</record_update>
