<?xml version="1.0" encoding="UTF-8"?><record_update table="sys_aw_renderer">
    <sys_aw_renderer action="INSERT_OR_UPDATE">
        <active>true</active>
        <custom_renderer display_value="sn-knowledge-discussion-wrapper">72799ecde4d1ac5180318bc017e3d71f</custom_renderer>
        <custom_renderer_tag>sn-knowledge-discussion-wrapper</custom_renderer_tag>
        <macroponent/>
        <module_flag>false</module_flag>
        <renderer_type/>
        <sys_class_name>sys_aw_renderer</sys_class_name>
        <sys_created_by>admin</sys_created_by>
        <sys_created_on>2020-04-15 00:25:15</sys_created_on>
        <sys_id>a186d077908010107f4468f7a3a96ff5</sys_id>
        <sys_mod_count>0</sys_mod_count>
        <sys_name/>
        <sys_package display_value="CCW1856" source="x_cdltd_ccw1856">b5a05473908010107f4468f7a3a96f5c</sys_package>
        <sys_policy/>
        <sys_scope display_value="CCW1856">b5a05473908010107f4468f7a3a96f5c</sys_scope>
        <sys_update_name>sys_aw_renderer_a186d077908010107f4468f7a3a96ff5</sys_update_name>
        <sys_updated_by>admin</sys_updated_by>
        <sys_updated_on>2020-04-15 00:25:15</sys_updated_on>
        <table>kb_social_qa_answer</table>
        <type_ext display_value="record">56a1aaa10f513300bb57f4a1ff767ede</type_ext>
        <workspace_config display_value="CCW1856">fe765437908010107f4468f7a3a96ffb</workspace_config>
        <workspace_module/>
    </sys_aw_renderer>
</record_update>
