<?xml version="1.0" encoding="UTF-8"?><record_update sys_domain="global" table="sys_app_module">
    <sys_app_module action="INSERT_OR_UPDATE">
        <active>true</active>
        <application display_value="Workspace Experience">81a6ba9b530233004cb4ddeeff7b1258</application>
        <assessment/>
        <device_type/>
        <filter/>
        <hint/>
        <homepage/>
        <image/>
        <link_type>DIRECT</link_type>
        <map_page/>
        <mobile_title>CCW1856 ➚</mobile_title>
        <mobile_view_name>Mobile</mobile_view_name>
        <name/>
        <order>101</order>
        <override_menu_roles>false</override_menu_roles>
        <query>x/cdltd/workspace/ccw1856</query>
        <report/>
        <roles>x_cdltd_ccw1856.pipeline_user,x_cdltd_ccw1856.cicd_admin,x_cdltd_ccw1856.deployment_request_user,x_cdltd_ccw1856.environments_user</roles>
        <sys_class_name>sys_app_module</sys_class_name>
        <sys_created_by>admin</sys_created_by>
        <sys_created_on>2020-04-15 00:25:15</sys_created_on>
        <sys_domain>global</sys_domain>
        <sys_domain_path>/</sys_domain_path>
        <sys_id>f9861477908010107f4468f7a3a96f2e</sys_id>
        <sys_mod_count>0</sys_mod_count>
        <sys_name>CCW1856 ➚</sys_name>
        <sys_overrides/>
        <sys_package display_value="CCW1856" source="x_cdltd_ccw1856">b5a05473908010107f4468f7a3a96f5c</sys_package>
        <sys_policy/>
        <sys_scope display_value="CCW1856">b5a05473908010107f4468f7a3a96f5c</sys_scope>
        <sys_update_name>sys_app_module_f9861477908010107f4468f7a3a96f2e</sys_update_name>
        <sys_updated_by>admin</sys_updated_by>
        <sys_updated_on>2020-04-15 00:25:15</sys_updated_on>
        <timeline_page/>
        <title>CCW1856 ➚</title>
        <uncancelable>false</uncancelable>
        <view_name/>
        <window_name>CCW1856</window_name>
    </sys_app_module>
</record_update>
