<?xml version="1.0" encoding="UTF-8"?><record_update>
    <sys_documentation element="number" label="Number" language="en" table="x_cdltd_ccw1856_cicd_team_setup">
        <sys_documentation action="INSERT_OR_UPDATE">
            <element>number</element>
            <help/>
            <hint/>
            <label>Number</label>
            <language>en</language>
            <name>x_cdltd_ccw1856_cicd_team_setup</name>
            <plural>Numbers</plural>
            <sys_class_name>sys_documentation</sys_class_name>
            <sys_created_by>admin</sys_created_by>
            <sys_created_on>2020-04-15 00:23:17</sys_created_on>
            <sys_id>fc1fd3b3904810107f4468f7a3a96f12</sys_id>
            <sys_mod_count>0</sys_mod_count>
            <sys_name>Number</sys_name>
            <sys_package display_value="CCW1856" source="x_cdltd_ccw1856">b5a05473908010107f4468f7a3a96f5c</sys_package>
            <sys_policy/>
            <sys_scope display_value="CCW1856">b5a05473908010107f4468f7a3a96f5c</sys_scope>
            <sys_update_name>sys_documentation_x_cdltd_ccw1856_cicd_team_setup_number_en</sys_update_name>
            <sys_updated_by>admin</sys_updated_by>
            <sys_updated_on>2020-04-15 00:23:17</sys_updated_on>
            <url/>
            <url_target/>
        </sys_documentation>
    </sys_documentation>
</record_update>
