<?xml version="1.0" encoding="UTF-8"?><record_update table="sys_ux_page_property">
    <sys_ux_page_property action="INSERT_OR_UPDATE">
        <choices/>
        <description>Exclude/include user preferences in workspace chrome.</description>
        <name>ws_active_user_pref</name>
        <page display_value="CCW1856">72765077908010107f4468f7a3a96f1d</page>
        <suffix/>
        <sys_class_name>sys_ux_page_property</sys_class_name>
        <sys_created_by>admin</sys_created_by>
        <sys_created_on>2020-04-15 00:25:03</sys_created_on>
        <sys_id>3e765077908010107f4468f7a3a96f23</sys_id>
        <sys_mod_count>0</sys_mod_count>
        <sys_name>ws_active_user_pref</sys_name>
        <sys_package display_value="CCW1856" source="x_cdltd_ccw1856">b5a05473908010107f4468f7a3a96f5c</sys_package>
        <sys_policy/>
        <sys_scope display_value="CCW1856">b5a05473908010107f4468f7a3a96f5c</sys_scope>
        <sys_update_name>sys_ux_page_property_3e765077908010107f4468f7a3a96f23</sys_update_name>
        <sys_updated_by>admin</sys_updated_by>
        <sys_updated_on>2020-04-15 00:25:03</sys_updated_on>
        <type>boolean</type>
        <unique_name>x_cdltd_ccw1856.ws_active_user_pref</unique_name>
        <value>true</value>
    </sys_ux_page_property>
    <sys_translated_text action="delete_multiple" query="documentkey=3e765077908010107f4468f7a3a96f23"/>
</record_update>
