<?xml version="1.0" encoding="UTF-8"?><record_update>
    <sys_ui_section caption="" section_id="91fa247390c010107f4468f7a3a96fb0" sys_domain="global" table="x_cdltd_ccw1856_deployment_request" version="3" view="">
        <sys_ui_element action="INSERT_OR_UPDATE">
            <element>number</element>
            <position>0</position>
            <sys_created_by>admin</sys_created_by>
            <sys_created_on>2020-04-15 01:56:12</sys_created_on>
            <sys_id>ce5be87390c010107f4468f7a3a96fe2</sys_id>
            <sys_mod_count>0</sys_mod_count>
            <sys_ui_formatter/>
            <sys_ui_section caption="NULL" display_value="" name="x_cdltd_ccw1856_deployment_request" sys_domain="global" view="Default view">91fa247390c010107f4468f7a3a96fb0</sys_ui_section>
            <sys_updated_by>admin</sys_updated_by>
            <sys_updated_on>2020-04-15 01:56:12</sys_updated_on>
            <sys_user/>
            <type/>
        </sys_ui_element>
        <sys_ui_element action="INSERT_OR_UPDATE">
            <element>action</element>
            <position>1</position>
            <sys_created_by>admin</sys_created_by>
            <sys_created_on>2020-04-15 01:56:12</sys_created_on>
            <sys_id>465be87390c010107f4468f7a3a96fe3</sys_id>
            <sys_mod_count>0</sys_mod_count>
            <sys_ui_formatter/>
            <sys_ui_section caption="NULL" display_value="" name="x_cdltd_ccw1856_deployment_request" sys_domain="global" view="Default view">91fa247390c010107f4468f7a3a96fb0</sys_ui_section>
            <sys_updated_by>admin</sys_updated_by>
            <sys_updated_on>2020-04-15 01:56:12</sys_updated_on>
            <sys_user/>
            <type/>
        </sys_ui_element>
        <sys_ui_element action="INSERT_OR_UPDATE">
            <element>application</element>
            <position>2</position>
            <sys_created_by>admin</sys_created_by>
            <sys_created_on>2020-04-15 01:56:12</sys_created_on>
            <sys_id>ca5be87390c010107f4468f7a3a96fe3</sys_id>
            <sys_mod_count>0</sys_mod_count>
            <sys_ui_formatter/>
            <sys_ui_section caption="NULL" display_value="" name="x_cdltd_ccw1856_deployment_request" sys_domain="global" view="Default view">91fa247390c010107f4468f7a3a96fb0</sys_ui_section>
            <sys_updated_by>admin</sys_updated_by>
            <sys_updated_on>2020-04-15 01:56:12</sys_updated_on>
            <sys_user/>
            <type/>
        </sys_ui_element>
        <sys_ui_element action="INSERT_OR_UPDATE">
            <element>application_scope</element>
            <position>3</position>
            <sys_created_by>admin</sys_created_by>
            <sys_created_on>2020-04-15 01:56:12</sys_created_on>
            <sys_id>425be87390c010107f4468f7a3a96fe4</sys_id>
            <sys_mod_count>0</sys_mod_count>
            <sys_ui_formatter/>
            <sys_ui_section caption="NULL" display_value="" name="x_cdltd_ccw1856_deployment_request" sys_domain="global" view="Default view">91fa247390c010107f4468f7a3a96fb0</sys_ui_section>
            <sys_updated_by>admin</sys_updated_by>
            <sys_updated_on>2020-04-15 01:56:12</sys_updated_on>
            <sys_user/>
            <type/>
        </sys_ui_element>
        <sys_ui_element action="INSERT_OR_UPDATE">
            <element>application_version</element>
            <position>4</position>
            <sys_created_by>admin</sys_created_by>
            <sys_created_on>2020-04-15 01:56:13</sys_created_on>
            <sys_id>c65be87390c010107f4468f7a3a96fe4</sys_id>
            <sys_mod_count>0</sys_mod_count>
            <sys_ui_formatter/>
            <sys_ui_section caption="NULL" display_value="" name="x_cdltd_ccw1856_deployment_request" sys_domain="global" view="Default view">91fa247390c010107f4468f7a3a96fb0</sys_ui_section>
            <sys_updated_by>admin</sys_updated_by>
            <sys_updated_on>2020-04-15 01:56:13</sys_updated_on>
            <sys_user/>
            <type/>
        </sys_ui_element>
        <sys_ui_element action="INSERT_OR_UPDATE">
            <element>.split</element>
            <position>5</position>
            <sys_created_by>admin</sys_created_by>
            <sys_created_on>2020-04-15 01:56:13</sys_created_on>
            <sys_id>4e5be87390c010107f4468f7a3a96fe4</sys_id>
            <sys_mod_count>0</sys_mod_count>
            <sys_ui_formatter/>
            <sys_ui_section caption="NULL" display_value="" name="x_cdltd_ccw1856_deployment_request" sys_domain="global" view="Default view">91fa247390c010107f4468f7a3a96fb0</sys_ui_section>
            <sys_updated_by>admin</sys_updated_by>
            <sys_updated_on>2020-04-15 01:56:13</sys_updated_on>
            <sys_user/>
            <type>.split</type>
        </sys_ui_element>
        <sys_ui_element action="INSERT_OR_UPDATE">
            <element>state</element>
            <position>6</position>
            <sys_created_by>admin</sys_created_by>
            <sys_created_on>2020-04-15 01:56:13</sys_created_on>
            <sys_id>c25be87390c010107f4468f7a3a96fe5</sys_id>
            <sys_mod_count>0</sys_mod_count>
            <sys_ui_formatter/>
            <sys_ui_section caption="NULL" display_value="" name="x_cdltd_ccw1856_deployment_request" sys_domain="global" view="Default view">91fa247390c010107f4468f7a3a96fb0</sys_ui_section>
            <sys_updated_by>admin</sys_updated_by>
            <sys_updated_on>2020-04-15 01:56:13</sys_updated_on>
            <sys_user/>
            <type/>
        </sys_ui_element>
        <sys_ui_element action="INSERT_OR_UPDATE">
            <element>team</element>
            <position>7</position>
            <sys_created_by>admin</sys_created_by>
            <sys_created_on>2020-04-15 01:56:13</sys_created_on>
            <sys_id>4a5be87390c010107f4468f7a3a96fe5</sys_id>
            <sys_mod_count>0</sys_mod_count>
            <sys_ui_formatter/>
            <sys_ui_section caption="NULL" display_value="" name="x_cdltd_ccw1856_deployment_request" sys_domain="global" view="Default view">91fa247390c010107f4468f7a3a96fb0</sys_ui_section>
            <sys_updated_by>admin</sys_updated_by>
            <sys_updated_on>2020-04-15 01:56:13</sys_updated_on>
            <sys_user/>
            <type/>
        </sys_ui_element>
        <sys_ui_element action="INSERT_OR_UPDATE">
            <element>assigned_to</element>
            <position>8</position>
            <sys_created_by>admin</sys_created_by>
            <sys_created_on>2020-04-15 01:56:13</sys_created_on>
            <sys_id>ce5be87390c010107f4468f7a3a96fe5</sys_id>
            <sys_mod_count>0</sys_mod_count>
            <sys_ui_formatter/>
            <sys_ui_section caption="NULL" display_value="" name="x_cdltd_ccw1856_deployment_request" sys_domain="global" view="Default view">91fa247390c010107f4468f7a3a96fb0</sys_ui_section>
            <sys_updated_by>admin</sys_updated_by>
            <sys_updated_on>2020-04-15 01:56:13</sys_updated_on>
            <sys_user/>
            <type/>
        </sys_ui_element>
        <sys_ui_element action="INSERT_OR_UPDATE">
            <element>git_branch</element>
            <position>9</position>
            <sys_created_by>admin</sys_created_by>
            <sys_created_on>2020-04-15 01:56:13</sys_created_on>
            <sys_id>465be87390c010107f4468f7a3a96fe6</sys_id>
            <sys_mod_count>0</sys_mod_count>
            <sys_ui_formatter/>
            <sys_ui_section caption="NULL" display_value="" name="x_cdltd_ccw1856_deployment_request" sys_domain="global" view="Default view">91fa247390c010107f4468f7a3a96fb0</sys_ui_section>
            <sys_updated_by>admin</sys_updated_by>
            <sys_updated_on>2020-04-15 01:56:13</sys_updated_on>
            <sys_user/>
            <type/>
        </sys_ui_element>
        <sys_ui_element action="INSERT_OR_UPDATE">
            <element>git_tag</element>
            <position>10</position>
            <sys_created_by>admin</sys_created_by>
            <sys_created_on>2020-04-15 01:56:13</sys_created_on>
            <sys_id>ca5be87390c010107f4468f7a3a96fe6</sys_id>
            <sys_mod_count>0</sys_mod_count>
            <sys_ui_formatter/>
            <sys_ui_section caption="NULL" display_value="" name="x_cdltd_ccw1856_deployment_request" sys_domain="global" view="Default view">91fa247390c010107f4468f7a3a96fb0</sys_ui_section>
            <sys_updated_by>admin</sys_updated_by>
            <sys_updated_on>2020-04-15 01:56:13</sys_updated_on>
            <sys_user/>
            <type/>
        </sys_ui_element>
        <sys_ui_element action="INSERT_OR_UPDATE">
            <element>.end_split</element>
            <position>11</position>
            <sys_created_by>admin</sys_created_by>
            <sys_created_on>2020-04-15 01:56:13</sys_created_on>
            <sys_id>425be87390c010107f4468f7a3a96fe7</sys_id>
            <sys_mod_count>0</sys_mod_count>
            <sys_ui_formatter/>
            <sys_ui_section caption="NULL" display_value="" name="x_cdltd_ccw1856_deployment_request" sys_domain="global" view="Default view">91fa247390c010107f4468f7a3a96fb0</sys_ui_section>
            <sys_updated_by>admin</sys_updated_by>
            <sys_updated_on>2020-04-15 01:56:13</sys_updated_on>
            <sys_user/>
            <type>.end_split</type>
        </sys_ui_element>
        <sys_ui_element action="INSERT_OR_UPDATE">
            <element>work_notes</element>
            <position>12</position>
            <sys_created_by>admin</sys_created_by>
            <sys_created_on>2020-04-15 01:56:13</sys_created_on>
            <sys_id>c65be87390c010107f4468f7a3a96fe7</sys_id>
            <sys_mod_count>0</sys_mod_count>
            <sys_ui_formatter/>
            <sys_ui_section caption="NULL" display_value="" name="x_cdltd_ccw1856_deployment_request" sys_domain="global" view="Default view">91fa247390c010107f4468f7a3a96fb0</sys_ui_section>
            <sys_updated_by>admin</sys_updated_by>
            <sys_updated_on>2020-04-15 01:56:13</sys_updated_on>
            <sys_user/>
            <type/>
        </sys_ui_element>
        <sys_ui_element action="INSERT_OR_UPDATE">
            <element>activity.xml</element>
            <position>13</position>
            <sys_created_by>admin</sys_created_by>
            <sys_created_on>2020-04-15 01:56:13</sys_created_on>
            <sys_id>4e5be87390c010107f4468f7a3a96fe7</sys_id>
            <sys_mod_count>0</sys_mod_count>
            <sys_ui_formatter display_value="Activities (filtered)">444ea5c6bf310100e628555b3f0739d6</sys_ui_formatter>
            <sys_ui_section caption="NULL" display_value="" name="x_cdltd_ccw1856_deployment_request" sys_domain="global" view="Default view">91fa247390c010107f4468f7a3a96fb0</sys_ui_section>
            <sys_updated_by>admin</sys_updated_by>
            <sys_updated_on>2020-04-15 01:56:13</sys_updated_on>
            <sys_user/>
            <type>formatter</type>
        </sys_ui_element>
        <sys_ui_element action="INSERT_OR_UPDATE">
            <element>repository</element>
            <position>14</position>
            <sys_created_by>admin</sys_created_by>
            <sys_created_on>2020-04-15 01:57:32</sys_created_on>
            <sys_id>65abec7390c010107f4468f7a3a96f28</sys_id>
            <sys_mod_count>0</sys_mod_count>
            <sys_ui_formatter/>
            <sys_ui_section caption="NULL" display_value="" name="x_cdltd_ccw1856_deployment_request" sys_domain="global" view="Default view">91fa247390c010107f4468f7a3a96fb0</sys_ui_section>
            <sys_updated_by>admin</sys_updated_by>
            <sys_updated_on>2020-04-15 01:57:32</sys_updated_on>
            <sys_user/>
            <type/>
        </sys_ui_element>
        <sys_ui_section action="INSERT_OR_UPDATE">
            <caption/>
            <header>false</header>
            <name>x_cdltd_ccw1856_deployment_request</name>
            <roles/>
            <sys_class_name>sys_ui_section</sys_class_name>
            <sys_created_by>admin</sys_created_by>
            <sys_created_on>2020-04-15 01:54:31</sys_created_on>
            <sys_domain>global</sys_domain>
            <sys_domain_path>/</sys_domain_path>
            <sys_id>91fa247390c010107f4468f7a3a96fb0</sys_id>
            <sys_mod_count>0</sys_mod_count>
            <sys_name>x_cdltd_ccw1856_deployment_request</sys_name>
            <sys_overrides/>
            <sys_package display_value="CCW1856" source="x_cdltd_ccw1856">b5a05473908010107f4468f7a3a96f5c</sys_package>
            <sys_policy/>
            <sys_scope display_value="CCW1856">b5a05473908010107f4468f7a3a96f5c</sys_scope>
            <sys_update_name>sys_ui_section_91fa247390c010107f4468f7a3a96fb0</sys_update_name>
            <sys_updated_by>admin</sys_updated_by>
            <sys_updated_on>2020-04-15 01:54:31</sys_updated_on>
            <sys_user/>
            <title>true</title>
            <view display_value="Default view" name="NULL">Default view</view>
            <view_name/>
        </sys_ui_section>
    </sys_ui_section>
</record_update>
