<?xml version="1.0" encoding="UTF-8"?><record_update table="sys_aw_master_config">
    <sys_aw_master_config action="INSERT_OR_UPDATE">
        <active>true</active>
        <brand_color/>
        <compiled_page display_value="Workspace Core">b70867ad0f603300bb57f4a1ff767e15</compiled_page>
        <compiled_page_registry display_value="CCW1856">72765077908010107f4468f7a3a96f1d</compiled_page_registry>
        <description>Manage Deployment Requests</description>
        <global_search display_value="Default search settings">97a574ea53c0130084acddeeff7b12a6</global_search>
        <global_search_data display_value="CCW1856 Search Context Config">72765437908010107f4468f7a3a96ffa</global_search_data>
        <name>CCW1856</name>
        <navigation_type>tab</navigation_type>
        <notifications_enabled>true</notifications_enabled>
        <primary_color/>
        <search_enabled>true</search_enabled>
        <sys_class_name>sys_aw_master_config</sys_class_name>
        <sys_created_by>admin</sys_created_by>
        <sys_created_on>2020-04-15 00:25:03</sys_created_on>
        <sys_id>fe765437908010107f4468f7a3a96ffb</sys_id>
        <sys_mod_count>0</sys_mod_count>
        <sys_name>CCW1856</sys_name>
        <sys_package display_value="CCW1856" source="x_cdltd_ccw1856">b5a05473908010107f4468f7a3a96f5c</sys_package>
        <sys_policy/>
        <sys_scope display_value="CCW1856">b5a05473908010107f4468f7a3a96f5c</sys_scope>
        <sys_update_name>sys_aw_master_config_fe765437908010107f4468f7a3a96ffb</sys_update_name>
        <sys_updated_by>admin</sys_updated_by>
        <sys_updated_on>2020-04-15 00:25:03</sys_updated_on>
        <user_preference_controls_enabled>true</user_preference_controls_enabled>
        <workspace_logo/>
        <workspace_url>ccw1856</workspace_url>
    </sys_aw_master_config>
</record_update>
