<?xml version="1.0" encoding="UTF-8"?><record_update table="sys_ux_page_registry">
    <sys_ux_page_registry action="INSERT_OR_UPDATE">
        <active>true</active>
        <admin_panel>fe765437908010107f4468f7a3a96ffb</admin_panel>
        <admin_panel_table>sys_aw_master_config</admin_panel_table>
        <page display_value="Workspace Core">b70867ad0f603300bb57f4a1ff767e15</page>
        <path>workspace/ccw1856</path>
        <sys_class_name>sys_ux_page_registry</sys_class_name>
        <sys_created_by>admin</sys_created_by>
        <sys_created_on>2020-04-15 00:25:03</sys_created_on>
        <sys_id>72765077908010107f4468f7a3a96f1d</sys_id>
        <sys_mod_count>0</sys_mod_count>
        <sys_name>CCW1856</sys_name>
        <sys_package display_value="CCW1856" source="x_cdltd_ccw1856">b5a05473908010107f4468f7a3a96f5c</sys_package>
        <sys_policy/>
        <sys_scope display_value="CCW1856">b5a05473908010107f4468f7a3a96f5c</sys_scope>
        <sys_update_name>sys_ux_page_registry_72765077908010107f4468f7a3a96f1d</sys_update_name>
        <sys_updated_by>admin</sys_updated_by>
        <sys_updated_on>2020-04-15 00:25:03</sys_updated_on>
        <title>CCW1856</title>
    </sys_ux_page_registry>
</record_update>
