<?xml version="1.0" encoding="UTF-8"?><record_update sys_domain="global" table="sys_ux_custom_content_root_elem">
    <sys_ux_custom_content_root_elem action="INSERT_OR_UPDATE">
        <active>false</active>
        <applicability>single</applicability>
        <applicable_page display_value="CCW1856">72765077908010107f4468f7a3a96f1d</applicable_page>
        <attrs/>
        <children/>
        <component display_value="sn-inbox-empty">ee222d2bff222300294153bd6338f113</component>
        <is_root>true</is_root>
        <layout/>
        <macroponent/>
        <macroponent_config/>
        <name>Inbox Module Detail</name>
        <order>200</order>
        <page display_value="Workspace Core">b70867ad0f603300bb57f4a1ff767e15</page>
        <parent/>
        <parent_slot/>
        <picker display_value="Content Option Picker">1238ff39730c330075e8f358caf6a71d</picker>
        <picker_condition/>
        <placeholder display_value="Workspace Module Secondary Content">12376f475300330030c3ddeeff7b12bc</placeholder>
        <sys_class_name>sys_ux_custom_content_root_elem</sys_class_name>
        <sys_created_by>admin</sys_created_by>
        <sys_created_on>2020-04-15 00:25:14</sys_created_on>
        <sys_domain>global</sys_domain>
        <sys_domain_path>/</sys_domain_path>
        <sys_id>6986d077908010107f4468f7a3a96fe8</sys_id>
        <sys_mod_count>1</sys_mod_count>
        <sys_name>Inbox Module Detail</sys_name>
        <sys_overrides/>
        <sys_package display_value="CCW1856" source="x_cdltd_ccw1856">b5a05473908010107f4468f7a3a96f5c</sys_package>
        <sys_policy/>
        <sys_scope display_value="CCW1856">b5a05473908010107f4468f7a3a96f5c</sys_scope>
        <sys_update_name>sys_ux_custom_content_root_elem_6986d077908010107f4468f7a3a96fe8</sys_update_name>
        <sys_updated_by>admin</sys_updated_by>
        <sys_updated_on>2020-04-15 00:25:15</sys_updated_on>
        <tree_root/>
    </sys_ux_custom_content_root_elem>
    <sys_variable_value action="delete_multiple" query="document_key=6986d077908010107f4468f7a3a96fe8"/>
    <sys_variable_value action="INSERT_OR_UPDATE">
        <document>sys_ux_custom_content_root_elem</document>
        <document_key>6986d077908010107f4468f7a3a96fe8</document_key>
        <order>100</order>
        <sys_class_name>sys_variable_value</sys_class_name>
        <sys_created_by>admin</sys_created_by>
        <sys_created_on>2020-04-15 00:25:15</sys_created_on>
        <sys_id>e986d077908010107f4468f7a3a96fed</sys_id>
        <sys_mod_count>0</sys_mod_count>
        <sys_updated_by>admin</sys_updated_by>
        <sys_updated_on>2020-04-15 00:25:15</sys_updated_on>
        <value>inbox</value>
        <variable display_value="">eb9768c27360330075e8f358caf6a75c</variable>
    </sys_variable_value>
</record_update>
