<?xml version="1.0" encoding="UTF-8"?><record_update>
    <sys_ui_section caption="" section_id="1ae9907b908010107f4468f7a3a96f97" sys_domain="global" table="x_cdltd_ccw1856_atf_to_apps" version="3" view="">
        <sys_ui_element action="INSERT_OR_UPDATE">
            <element>.begin_split</element>
            <position>0</position>
            <sys_created_by>admin</sys_created_by>
            <sys_created_on>2020-04-15 00:40:02</sys_created_on>
            <sys_id>96e9907b908010107f4468f7a3a96f9a</sys_id>
            <sys_mod_count>0</sys_mod_count>
            <sys_ui_formatter/>
            <sys_ui_section caption="NULL" display_value="" name="x_cdltd_ccw1856_atf_to_apps" sys_domain="global" view="Default view">1ae9907b908010107f4468f7a3a96f97</sys_ui_section>
            <sys_updated_by>admin</sys_updated_by>
            <sys_updated_on>2020-04-15 00:40:02</sys_updated_on>
            <sys_user/>
            <type>.begin_split</type>
        </sys_ui_element>
        <sys_ui_element action="INSERT_OR_UPDATE">
            <element>application</element>
            <position>1</position>
            <sys_created_by>admin</sys_created_by>
            <sys_created_on>2020-04-15 00:40:02</sys_created_on>
            <sys_id>dee9907b908010107f4468f7a3a96fd8</sys_id>
            <sys_mod_count>0</sys_mod_count>
            <sys_ui_formatter/>
            <sys_ui_section caption="NULL" display_value="" name="x_cdltd_ccw1856_atf_to_apps" sys_domain="global" view="Default view">1ae9907b908010107f4468f7a3a96f97</sys_ui_section>
            <sys_updated_by>admin</sys_updated_by>
            <sys_updated_on>2020-04-15 00:40:02</sys_updated_on>
            <sys_user/>
            <type/>
        </sys_ui_element>
        <sys_ui_element action="INSERT_OR_UPDATE">
            <element>.split</element>
            <position>2</position>
            <sys_created_by>admin</sys_created_by>
            <sys_created_on>2020-04-15 00:40:02</sys_created_on>
            <sys_id>56e9907b908010107f4468f7a3a96fd9</sys_id>
            <sys_mod_count>0</sys_mod_count>
            <sys_ui_formatter/>
            <sys_ui_section caption="NULL" display_value="" name="x_cdltd_ccw1856_atf_to_apps" sys_domain="global" view="Default view">1ae9907b908010107f4468f7a3a96f97</sys_ui_section>
            <sys_updated_by>admin</sys_updated_by>
            <sys_updated_on>2020-04-15 00:40:02</sys_updated_on>
            <sys_user/>
            <type>.split</type>
        </sys_ui_element>
        <sys_ui_element action="INSERT_OR_UPDATE">
            <element>suite</element>
            <position>3</position>
            <sys_created_by>admin</sys_created_by>
            <sys_created_on>2020-04-15 00:40:02</sys_created_on>
            <sys_id>dae9907b908010107f4468f7a3a96fd9</sys_id>
            <sys_mod_count>0</sys_mod_count>
            <sys_ui_formatter/>
            <sys_ui_section caption="NULL" display_value="" name="x_cdltd_ccw1856_atf_to_apps" sys_domain="global" view="Default view">1ae9907b908010107f4468f7a3a96f97</sys_ui_section>
            <sys_updated_by>admin</sys_updated_by>
            <sys_updated_on>2020-04-15 00:40:02</sys_updated_on>
            <sys_user/>
            <type/>
        </sys_ui_element>
        <sys_ui_element action="INSERT_OR_UPDATE">
            <element>.end_split</element>
            <position>4</position>
            <sys_created_by>admin</sys_created_by>
            <sys_created_on>2020-04-15 00:40:02</sys_created_on>
            <sys_id>52e9907b908010107f4468f7a3a96fda</sys_id>
            <sys_mod_count>0</sys_mod_count>
            <sys_ui_formatter/>
            <sys_ui_section caption="NULL" display_value="" name="x_cdltd_ccw1856_atf_to_apps" sys_domain="global" view="Default view">1ae9907b908010107f4468f7a3a96f97</sys_ui_section>
            <sys_updated_by>admin</sys_updated_by>
            <sys_updated_on>2020-04-15 00:40:02</sys_updated_on>
            <sys_user/>
            <type>.end_split</type>
        </sys_ui_element>
        <sys_ui_section action="INSERT_OR_UPDATE">
            <caption/>
            <header>false</header>
            <name>x_cdltd_ccw1856_atf_to_apps</name>
            <roles/>
            <sys_class_name>sys_ui_section</sys_class_name>
            <sys_created_by>admin</sys_created_by>
            <sys_created_on>2020-04-15 00:40:02</sys_created_on>
            <sys_domain>global</sys_domain>
            <sys_domain_path>/</sys_domain_path>
            <sys_id>1ae9907b908010107f4468f7a3a96f97</sys_id>
            <sys_mod_count>0</sys_mod_count>
            <sys_name>x_cdltd_ccw1856_atf_to_apps</sys_name>
            <sys_overrides/>
            <sys_package display_value="CCW1856" source="x_cdltd_ccw1856">b5a05473908010107f4468f7a3a96f5c</sys_package>
            <sys_policy/>
            <sys_scope display_value="CCW1856">b5a05473908010107f4468f7a3a96f5c</sys_scope>
            <sys_update_name>sys_ui_section_1ae9907b908010107f4468f7a3a96f97</sys_update_name>
            <sys_updated_by>admin</sys_updated_by>
            <sys_updated_on>2020-04-15 00:40:02</sys_updated_on>
            <sys_user/>
            <title>true</title>
            <view display_value="Default view" name="NULL">Default view</view>
            <view_name/>
        </sys_ui_section>
    </sys_ui_section>
</record_update>
