<?xml version="1.0" encoding="UTF-8"?><record_update table="sys_wizard_answer">
    <sys_wizard_answer action="INSERT_OR_UPDATE">
        <active>true</active>
        <answer>Deployment Request</answer>
        <button_label/>
        <dependent_value/>
        <element/>
        <name>Deployment Request</name>
        <next_question/>
        <order>100</order>
        <payload_name/>
        <question display_value="Task" name="Task">99fab885082300107f447452aafab96b</question>
        <roles/>
        <script/>
        <sys_class_name>sys_wizard_answer</sys_class_name>
        <sys_created_by>admin</sys_created_by>
        <sys_created_on>2020-04-15 00:21:31</sys_created_on>
        <sys_id>47a55837908010107f4468f7a3a96f14</sys_id>
        <sys_mod_count>0</sys_mod_count>
        <sys_name>Deployment Request</sys_name>
        <sys_package display_value="CCW1856" source="x_cdltd_ccw1856">b5a05473908010107f4468f7a3a96f5c</sys_package>
        <sys_policy/>
        <sys_scope display_value="CCW1856">b5a05473908010107f4468f7a3a96f5c</sys_scope>
        <sys_update_name>sys_wizard_answer_47a55837908010107f4468f7a3a96f14</sys_update_name>
        <sys_updated_by>admin</sys_updated_by>
        <sys_updated_on>2020-04-15 00:21:31</sys_updated_on>
        <table/>
        <target_url>x_cdltd_ccw1856_deployment_request.do</target_url>
        <type>1</type>
    </sys_wizard_answer>
</record_update>
