<?xml version="1.0" encoding="UTF-8"?><record_update table="sys_security_acl">
    <sys_security_acl action="INSERT_OR_UPDATE">
        <active>true</active>
        <admin_overrides>true</admin_overrides>
        <advanced>false</advanced>
        <condition/>
        <description/>
        <name>x.cdltd.workspace.ccw1856</name>
        <operation display_value="read">read</operation>
        <script/>
        <sys_class_name>sys_security_acl</sys_class_name>
        <sys_created_by>admin</sys_created_by>
        <sys_created_on>2020-04-15 00:25:15</sys_created_on>
        <sys_id>fd861477908010107f4468f7a3a96f01</sys_id>
        <sys_mod_count>0</sys_mod_count>
        <sys_name>x.cdltd.workspace.ccw1856</sys_name>
        <sys_package display_value="CCW1856" source="x_cdltd_ccw1856">b5a05473908010107f4468f7a3a96f5c</sys_package>
        <sys_policy/>
        <sys_scope display_value="CCW1856">b5a05473908010107f4468f7a3a96f5c</sys_scope>
        <sys_update_name>sys_security_acl_fd861477908010107f4468f7a3a96f01</sys_update_name>
        <sys_updated_by>admin</sys_updated_by>
        <sys_updated_on>2020-04-15 00:25:15</sys_updated_on>
        <type display_value="ux_page">b9eb8a1b873303002941b53046cb0b18</type>
    </sys_security_acl>
</record_update>
