<?xml version="1.0" encoding="UTF-8"?><record_update sys_domain="global" table="sys_aw_module">
    <sys_aw_module action="INSERT_OR_UPDATE">
        <active>false</active>
        <content display_value="Inbox Module Content">2986d077908010107f4468f7a3a96fe2</content>
        <content_attrs/>
        <content_component display_value="sn-inbox">15415f6bc913d31534330f91530c944c</content_component>
        <content_tag/>
        <detail display_value="Inbox Module Detail">6986d077908010107f4468f7a3a96fe8</detail>
        <detail_attrs/>
        <detail_component display_value="sn-inbox-empty">ee222d2bff222300294153bd6338f113</detail_component>
        <detail_tag/>
        <hide_until_ready>false</hide_until_ready>
        <icon>inbox-outline</icon>
        <id>inbox</id>
        <label>Inbox</label>
        <order>200</order>
        <roles/>
        <sys_class_name>sys_aw_module</sys_class_name>
        <sys_created_by>admin</sys_created_by>
        <sys_created_on>2020-04-15 00:25:14</sys_created_on>
        <sys_domain>global</sys_domain>
        <sys_domain_path>/</sys_domain_path>
        <sys_id>6986d077908010107f4468f7a3a96fd9</sys_id>
        <sys_mod_count>0</sys_mod_count>
        <sys_name>inbox</sys_name>
        <sys_overrides/>
        <sys_package display_value="CCW1856" source="x_cdltd_ccw1856">b5a05473908010107f4468f7a3a96f5c</sys_package>
        <sys_policy/>
        <sys_props/>
        <sys_scope display_value="CCW1856">b5a05473908010107f4468f7a3a96f5c</sys_scope>
        <sys_update_name>sys_aw_module_6986d077908010107f4468f7a3a96fd9</sys_update_name>
        <sys_updated_by>admin</sys_updated_by>
        <sys_updated_on>2020-04-15 00:25:14</sys_updated_on>
        <toolbar_button display_value="Inbox Button">ad86d077908010107f4468f7a3a96fd9</toolbar_button>
        <type>master_detail</type>
        <workspace_config display_value="CCW1856">fe765437908010107f4468f7a3a96ffb</workspace_config>
    </sys_aw_module>
    <sys_variable_value action="delete_multiple" query="document_key=6986d077908010107f4468f7a3a96fd9"/>
</record_update>
