<?xml version="1.0" encoding="UTF-8"?><record_update table="sys_alias">
    <sys_alias action="INSERT_OR_UPDATE">
        <configuration_template/>
        <connection_type>http_connection</connection_type>
        <id>x_cdltd_ccw1856.Test_Instance</id>
        <multiple_connections>false</multiple_connections>
        <name>Test_Instance</name>
        <retry_policy display_value="Default HTTP Retry Policy">ef751ff07301330025d71afe2ff6a7f9</retry_policy>
        <sys_class_name>sys_alias</sys_class_name>
        <sys_created_by>admin</sys_created_by>
        <sys_created_on>2020-04-15 02:34:35</sys_created_on>
        <sys_id>791478b790c010107f4468f7a3a96f4f</sys_id>
        <sys_mod_count>0</sys_mod_count>
        <sys_name>x_cdltd_ccw1856.Test_Instance</sys_name>
        <sys_package display_value="CCW1856" source="x_cdltd_ccw1856">b5a05473908010107f4468f7a3a96f5c</sys_package>
        <sys_policy/>
        <sys_scope display_value="CCW1856">b5a05473908010107f4468f7a3a96f5c</sys_scope>
        <sys_update_name>sys_alias_791478b790c010107f4468f7a3a96f4f</sys_update_name>
        <sys_updated_by>admin</sys_updated_by>
        <sys_updated_on>2020-04-15 02:34:35</sys_updated_on>
        <type>credential</type>
    </sys_alias>
</record_update>
