<?xml version="1.0" encoding="UTF-8"?><record_update table="sys_search_source">
    <sys_search_source action="INSERT_OR_UPDATE">
        <active>true</active>
        <condition/>
        <name>Deployment Requests</name>
        <source_table>x_cdltd_ccw1856_deployment_request</source_table>
        <sys_class_name>sys_search_source</sys_class_name>
        <sys_created_by>admin</sys_created_by>
        <sys_created_on>2020-04-15 00:25:07</sys_created_on>
        <sys_id>fb765077908010107f4468f7a3a96fc5</sys_id>
        <sys_mod_count>0</sys_mod_count>
        <sys_name>Deployment Requests</sys_name>
        <sys_package display_value="CCW1856" source="x_cdltd_ccw1856">b5a05473908010107f4468f7a3a96f5c</sys_package>
        <sys_policy/>
        <sys_scope display_value="CCW1856">b5a05473908010107f4468f7a3a96f5c</sys_scope>
        <sys_update_name>sys_search_source_fb765077908010107f4468f7a3a96fc5</sys_update_name>
        <sys_updated_by>admin</sys_updated_by>
        <sys_updated_on>2020-04-15 00:25:07</sys_updated_on>
    </sys_search_source>
    <sys_translated_text action="delete_multiple" query="documentkey=fb765077908010107f4468f7a3a96fc5"/>
</record_update>
