<?xml version="1.0" encoding="UTF-8"?><record_update sys_domain="global" table="sys_aw_list">
    <sys_aw_list action="INSERT_OR_UPDATE">
        <active>true</active>
        <category display_value="Dev Scopes">1186d077908010107f4468f7a3a96f7e</category>
        <columns>name,scope,remote_sys_id,active,sys_updated_by,sys_updated_on</columns>
        <condition/>
        <groups/>
        <list_attributes/>
        <order>100</order>
        <roles/>
        <sys_class_name>sys_aw_list</sys_class_name>
        <sys_created_by>admin</sys_created_by>
        <sys_created_on>2020-04-15 00:25:13</sys_created_on>
        <sys_domain>global</sys_domain>
        <sys_domain_path>/</sys_domain_path>
        <sys_id>5d86d077908010107f4468f7a3a96f8e</sys_id>
        <sys_mod_count>1</sys_mod_count>
        <sys_name>All</sys_name>
        <sys_overrides/>
        <sys_package display_value="CCW1856" source="x_cdltd_ccw1856">b5a05473908010107f4468f7a3a96f5c</sys_package>
        <sys_policy/>
        <sys_scope display_value="CCW1856">b5a05473908010107f4468f7a3a96f5c</sys_scope>
        <sys_update_name>sys_aw_list_5d86d077908010107f4468f7a3a96f8e</sys_update_name>
        <sys_updated_by>admin</sys_updated_by>
        <sys_updated_on>2020-04-15 00:32:55</sys_updated_on>
        <table>x_cdltd_ccw1856_dev_scopes</table>
        <title>All</title>
        <workspace display_value="CCW1856">fe765437908010107f4468f7a3a96ffb</workspace>
    </sys_aw_list>
</record_update>
