<?xml version="1.0" encoding="UTF-8"?><record_update table="sys_metadata_link">
    <sys_metadata_link action="INSERT_OR_UPDATE">
        <directory>update</directory>
        <documentkey>07f90377900810107f4468f7a3a96f92</documentkey>
        <payload><![CDATA[<?xml version="1.0" encoding="UTF-8"?><record_update table="x_cdltd_ccw1856_atf_to_apps">
    <x_cdltd_ccw1856_atf_to_apps action="INSERT_OR_UPDATE">
        <application display_value="CCW1856">e534c773900810107f4468f7a3a96fe2</application>
        <suite display_value="CCW1856 Suite">265787f3900810107f4468f7a3a96f7f</suite>
        <sys_created_by>admin</sys_created_by>
        <sys_created_on>2020-04-15 13:29:29</sys_created_on>
        <sys_id>07f90377900810107f4468f7a3a96f92</sys_id>
        <sys_mod_count>0</sys_mod_count>
        <sys_updated_by>admin</sys_updated_by>
        <sys_updated_on>2020-04-15 13:29:29</sys_updated_on>
    </x_cdltd_ccw1856_atf_to_apps>
</record_update>
]]></payload>
        <sys_class_name>sys_metadata_link</sys_class_name>
        <sys_created_by>admin</sys_created_by>
        <sys_created_on>2020-04-15 13:29:37</sys_created_on>
        <sys_id>e70a0377900810107f4468f7a3a96f4e</sys_id>
        <sys_mod_count>0</sys_mod_count>
        <sys_name>Created 2020-04-15 13:29:29</sys_name>
        <sys_package display_value="CCW1856" source="x_cdltd_ccw1856">b5a05473908010107f4468f7a3a96f5c</sys_package>
        <sys_policy/>
        <sys_scope display_value="CCW1856">b5a05473908010107f4468f7a3a96f5c</sys_scope>
        <sys_update_name>sys_metadata_link_e70a0377900810107f4468f7a3a96f4e</sys_update_name>
        <sys_updated_by>admin</sys_updated_by>
        <sys_updated_on>2020-04-15 13:29:37</sys_updated_on>
        <tablename>x_cdltd_ccw1856_atf_to_apps</tablename>
    </sys_metadata_link>
</record_update>
