<?xml version="1.0" encoding="UTF-8"?><record_update table="sys_security_acl_role">
    <sys_security_acl_role action="INSERT_OR_UPDATE">
        <sys_class_name>sys_security_acl_role</sys_class_name>
        <sys_created_by>admin</sys_created_by>
        <sys_created_on>2020-04-15 00:09:54</sys_created_on>
        <sys_id>0d0310f3908010107f4468f7a3a96fb2</sys_id>
        <sys_mod_count>0</sys_mod_count>
        <sys_name>x_cdltd_ccw1856_dev_scopes.x_cdltd_ccw1856.pipeline_user</sys_name>
        <sys_package display_value="CCW1856" source="x_cdltd_ccw1856">b5a05473908010107f4468f7a3a96f5c</sys_package>
        <sys_policy/>
        <sys_scope display_value="CCW1856">b5a05473908010107f4468f7a3a96f5c</sys_scope>
        <sys_security_acl display_value="x_cdltd_ccw1856_dev_scopes">c10310f3908010107f4468f7a3a96fb0</sys_security_acl>
        <sys_update_name>sys_security_acl_role_0d0310f3908010107f4468f7a3a96fb2</sys_update_name>
        <sys_updated_by>admin</sys_updated_by>
        <sys_updated_on>2020-04-15 00:09:54</sys_updated_on>
        <sys_user_role display_value="x_cdltd_ccw1856.pipeline_user" name="x_cdltd_ccw1856.pipeline_user">53d190b3908010107f4468f7a3a96f7a</sys_user_role>
        <transaction_id/>
    </sys_security_acl_role>
</record_update>
