<?xml version="1.0" encoding="UTF-8"?><record_update table="sys_security_acl">
    <sys_security_acl action="INSERT_OR_UPDATE">
        <active>true</active>
        <admin_overrides>true</admin_overrides>
        <advanced>false</advanced>
        <condition/>
        <description/>
        <name>x_cdltd_ccw1856_cicd_team_setup</name>
        <operation display_value="create">create</operation>
        <script/>
        <sys_class_name>sys_security_acl</sys_class_name>
        <sys_created_by>admin</sys_created_by>
        <sys_created_on>2020-04-15 00:23:17</sys_created_on>
        <sys_id>c5165037908010107f4468f7a3a96f51</sys_id>
        <sys_mod_count>0</sys_mod_count>
        <sys_name>x_cdltd_ccw1856_cicd_team_setup</sys_name>
        <sys_package display_value="CCW1856" source="x_cdltd_ccw1856">b5a05473908010107f4468f7a3a96f5c</sys_package>
        <sys_policy/>
        <sys_scope display_value="CCW1856">b5a05473908010107f4468f7a3a96f5c</sys_scope>
        <sys_update_name>sys_security_acl_c5165037908010107f4468f7a3a96f51</sys_update_name>
        <sys_updated_by>admin</sys_updated_by>
        <sys_updated_on>2020-04-15 00:23:17</sys_updated_on>
        <type display_value="record">record</type>
    </sys_security_acl>
</record_update>
