<?xml version="1.0" encoding="UTF-8"?><record_update table="sys_ux_content_placeholder_elem">
    <sys_ux_content_placeholder_elem action="INSERT_OR_UPDATE">
        <attrs/>
        <children/>
        <component/>
        <is_root>false</is_root>
        <layout/>
        <limit>1</limit>
        <macroponent/>
        <macroponent_config/>
        <name>Landing Page Placeholder</name>
        <order>0</order>
        <page display_value="Workspace Core">b70867ad0f603300bb57f4a1ff767e15</page>
        <parent display_value="Home Module Content">ad86d077908010107f4468f7a3a96fbd</parent>
        <parent_slot/>
        <picker/>
        <picker_condition/>
        <sys_class_name>sys_ux_content_placeholder_elem</sys_class_name>
        <sys_created_by>admin</sys_created_by>
        <sys_created_on>2020-04-15 00:25:15</sys_created_on>
        <sys_id>f986d077908010107f4468f7a3a96ffe</sys_id>
        <sys_mod_count>0</sys_mod_count>
        <sys_name>Landing Page Placeholder</sys_name>
        <sys_package display_value="CCW1856" source="x_cdltd_ccw1856">b5a05473908010107f4468f7a3a96f5c</sys_package>
        <sys_policy/>
        <sys_scope display_value="CCW1856">b5a05473908010107f4468f7a3a96f5c</sys_scope>
        <sys_update_name>sys_ux_content_placeholder_elem_f986d077908010107f4468f7a3a96ffe</sys_update_name>
        <sys_updated_by>admin</sys_updated_by>
        <sys_updated_on>2020-04-15 00:25:15</sys_updated_on>
        <tree_root display_value="Home Module Content">ad86d077908010107f4468f7a3a96fbd</tree_root>
    </sys_ux_content_placeholder_elem>
    <sys_variable_value action="delete_multiple" query="document_key=f986d077908010107f4468f7a3a96ffe"/>
</record_update>
