<?xml version="1.0" encoding="UTF-8"?><record_update table="sys_scope_privilege">
    <sys_scope_privilege action="INSERT_OR_UPDATE">
        <operation>execute</operation>
        <source_scope display_value="CCW1856">b5a05473908010107f4468f7a3a96f5c</source_scope>
        <status>allowed</status>
        <sys_class_name>sys_scope_privilege</sys_class_name>
        <sys_created_by>admin</sys_created_by>
        <sys_created_on>2020-04-15 00:26:37</sys_created_on>
        <sys_id>bdd694b7908010107f4468f7a3a96fc6</sys_id>
        <sys_mod_count>0</sys_mod_count>
        <sys_name>ManyToManyChecker</sys_name>
        <sys_package display_value="CCW1856" source="x_cdltd_ccw1856">b5a05473908010107f4468f7a3a96f5c</sys_package>
        <sys_policy/>
        <sys_scope display_value="CCW1856">b5a05473908010107f4468f7a3a96f5c</sys_scope>
        <sys_update_name>sys_scope_privilege_bdd694b7908010107f4468f7a3a96fc6</sys_update_name>
        <sys_updated_by>admin</sys_updated_by>
        <sys_updated_on>2020-04-15 00:26:37</sys_updated_on>
        <target_name>ManyToManyChecker</target_name>
        <target_scope display_value="Global">global</target_scope>
        <target_type>sys_script_include</target_type>
    </sys_scope_privilege>
</record_update>
