<?xml version="1.0" encoding="UTF-8"?><record_update sys_domain="global" table="sys_aw_list_category">
    <sys_aw_list_category action="INSERT_OR_UPDATE">
        <active>true</active>
        <description/>
        <order>300</order>
        <sys_class_name>sys_aw_list_category</sys_class_name>
        <sys_created_by>admin</sys_created_by>
        <sys_created_on>2020-04-15 00:25:13</sys_created_on>
        <sys_domain>global</sys_domain>
        <sys_domain_path>/</sys_domain_path>
        <sys_id>dd86d077908010107f4468f7a3a96f97</sys_id>
        <sys_mod_count>0</sys_mod_count>
        <sys_name>Environments</sys_name>
        <sys_overrides/>
        <sys_package display_value="CCW1856" source="x_cdltd_ccw1856">b5a05473908010107f4468f7a3a96f5c</sys_package>
        <sys_policy/>
        <sys_scope display_value="CCW1856">b5a05473908010107f4468f7a3a96f5c</sys_scope>
        <sys_update_name>sys_aw_list_category_dd86d077908010107f4468f7a3a96f97</sys_update_name>
        <sys_updated_by>admin</sys_updated_by>
        <sys_updated_on>2020-04-15 00:25:13</sys_updated_on>
        <title>Environments</title>
        <workspace display_value="CCW1856">fe765437908010107f4468f7a3a96ffb</workspace>
    </sys_aw_list_category>
</record_update>
