<?xml version="1.0" encoding="UTF-8"?><record_update>
    <sys_ui_list parent="" relationship="" sys_domain="global" table="x_cdltd_ccw1856_cicd_team_setup" version="2" view="">
        <sys_ui_list_element action="INSERT_OR_UPDATE">
            <average_value>false</average_value>
            <element>number</element>
            <list_id display_value="x_cdltd_ccw1856_cicd_team_setup" element="NULL" name="x_cdltd_ccw1856_cicd_team_setup" parent="NULL" relationship="NULL" sys_domain="global" view="Default view">44040773900810107f4468f7a3a96fc6</list_id>
            <max_value>false</max_value>
            <min_value>false</min_value>
            <position>0</position>
            <sum>false</sum>
            <sys_created_by>admin</sys_created_by>
            <sys_created_on>2020-04-15 13:03:10</sys_created_on>
            <sys_id>80040773900810107f4468f7a3a96fc7</sys_id>
            <sys_mod_count>0</sys_mod_count>
            <sys_updated_by>admin</sys_updated_by>
            <sys_updated_on>2020-04-15 13:03:10</sys_updated_on>
        </sys_ui_list_element>
        <sys_ui_list_element action="INSERT_OR_UPDATE">
            <average_value>false</average_value>
            <element>name</element>
            <list_id display_value="x_cdltd_ccw1856_cicd_team_setup" element="NULL" name="x_cdltd_ccw1856_cicd_team_setup" parent="NULL" relationship="NULL" sys_domain="global" view="Default view">44040773900810107f4468f7a3a96fc6</list_id>
            <max_value>false</max_value>
            <min_value>false</min_value>
            <position>1</position>
            <sum>false</sum>
            <sys_created_by>admin</sys_created_by>
            <sys_created_on>2020-04-15 13:03:10</sys_created_on>
            <sys_id>84040773900810107f4468f7a3a96fc7</sys_id>
            <sys_mod_count>0</sys_mod_count>
            <sys_updated_by>admin</sys_updated_by>
            <sys_updated_on>2020-04-15 13:03:10</sys_updated_on>
        </sys_ui_list_element>
        <sys_ui_list_element action="INSERT_OR_UPDATE">
            <average_value>false</average_value>
            <element>environment_setup</element>
            <list_id display_value="x_cdltd_ccw1856_cicd_team_setup" element="NULL" name="x_cdltd_ccw1856_cicd_team_setup" parent="NULL" relationship="NULL" sys_domain="global" view="Default view">44040773900810107f4468f7a3a96fc6</list_id>
            <max_value>false</max_value>
            <min_value>false</min_value>
            <position>2</position>
            <sum>false</sum>
            <sys_created_by>admin</sys_created_by>
            <sys_created_on>2020-04-15 13:03:10</sys_created_on>
            <sys_id>88040773900810107f4468f7a3a96fc7</sys_id>
            <sys_mod_count>0</sys_mod_count>
            <sys_updated_by>admin</sys_updated_by>
            <sys_updated_on>2020-04-15 13:03:10</sys_updated_on>
        </sys_ui_list_element>
        <sys_ui_list_element action="INSERT_OR_UPDATE">
            <average_value>false</average_value>
            <element>slack_webhook</element>
            <list_id display_value="x_cdltd_ccw1856_cicd_team_setup" element="NULL" name="x_cdltd_ccw1856_cicd_team_setup" parent="NULL" relationship="NULL" sys_domain="global" view="Default view">44040773900810107f4468f7a3a96fc6</list_id>
            <max_value>false</max_value>
            <min_value>false</min_value>
            <position>3</position>
            <sum>false</sum>
            <sys_created_by>admin</sys_created_by>
            <sys_created_on>2020-04-15 13:03:10</sys_created_on>
            <sys_id>8c040773900810107f4468f7a3a96fc7</sys_id>
            <sys_mod_count>0</sys_mod_count>
            <sys_updated_by>admin</sys_updated_by>
            <sys_updated_on>2020-04-15 13:03:10</sys_updated_on>
        </sys_ui_list_element>
        <sys_ui_list action="INSERT_OR_UPDATE">
            <average_value>false</average_value>
            <element/>
            <max_value>false</max_value>
            <min_value>false</min_value>
            <name>x_cdltd_ccw1856_cicd_team_setup</name>
            <parent/>
            <position/>
            <relationship/>
            <sum>false</sum>
            <sys_class_name>sys_ui_list</sys_class_name>
            <sys_created_by>admin</sys_created_by>
            <sys_created_on>2020-04-15 13:03:10</sys_created_on>
            <sys_domain>global</sys_domain>
            <sys_domain_path>/</sys_domain_path>
            <sys_id>44040773900810107f4468f7a3a96fc6</sys_id>
            <sys_mod_count>0</sys_mod_count>
            <sys_name>x_cdltd_ccw1856_cicd_team_setup</sys_name>
            <sys_package display_value="CCW1856" source="x_cdltd_ccw1856">b5a05473908010107f4468f7a3a96f5c</sys_package>
            <sys_policy/>
            <sys_scope display_value="CCW1856">b5a05473908010107f4468f7a3a96f5c</sys_scope>
            <sys_update_name>sys_ui_list_x_cdltd_ccw1856_cicd_team_setup_null</sys_update_name>
            <sys_updated_by>admin</sys_updated_by>
            <sys_updated_on>2020-04-15 13:03:10</sys_updated_on>
            <sys_user/>
            <view display_value="Default view" name="NULL">Default view</view>
            <view_name/>
        </sys_ui_list>
    </sys_ui_list>
</record_update>
