<?xml version="1.0" encoding="UTF-8"?><record_update table="sys_security_acl_role">
    <sys_security_acl_role action="INSERT_OR_UPDATE">
        <sys_class_name>sys_security_acl_role</sys_class_name>
        <sys_created_by>admin</sys_created_by>
        <sys_created_on>2020-04-15 00:17:06</sys_created_on>
        <sys_id>dea41037908010107f4468f7a3a96fe3</sys_id>
        <sys_mod_count>0</sys_mod_count>
        <sys_name>x_cdltd_ccw1856_cicd_pipeline.x_cdltd_ccw1856.environments_user</sys_name>
        <sys_package display_value="CCW1856" source="x_cdltd_ccw1856">b5a05473908010107f4468f7a3a96f5c</sys_package>
        <sys_policy/>
        <sys_scope display_value="CCW1856">b5a05473908010107f4468f7a3a96f5c</sys_scope>
        <sys_security_acl display_value="x_cdltd_ccw1856_cicd_pipeline">d6a41037908010107f4468f7a3a96fe1</sys_security_acl>
        <sys_update_name>sys_security_acl_role_dea41037908010107f4468f7a3a96fe3</sys_update_name>
        <sys_updated_by>admin</sys_updated_by>
        <sys_updated_on>2020-04-15 00:17:06</sys_updated_on>
        <sys_user_role display_value="x_cdltd_ccw1856.environments_user" name="x_cdltd_ccw1856.environments_user">dbd190b3908010107f4468f7a3a96f80</sys_user_role>
        <transaction_id/>
    </sys_security_acl_role>
</record_update>
