<?xml version="1.0" encoding="UTF-8"?><record_update sys_domain="global" table="sys_aw_list">
    <sys_aw_list action="INSERT_OR_UPDATE">
        <active>false</active>
        <category display_value="Deployment Requests">5d86d077908010107f4468f7a3a96f9f</category>
        <columns>number,priority,state,assigned_to,assignment_group,short_description,opened_at,opened_by</columns>
        <condition table="x_cdltd_ccw1856_deployment_request">active=true^assigned_toISEMPTY^EQ<item endquery="false" field="active" goto="false" newquery="false" operator="=" or="false" value="true"/>
            <item endquery="false" field="assigned_to" goto="false" newquery="false" operator="ISEMPTY" or="false" value=""/>
            <item endquery="true" field="" goto="false" newquery="false" operator="=" or="false" value=""/>
        </condition>
        <groups/>
        <list_attributes/>
        <order>200</order>
        <roles/>
        <sys_class_name>sys_aw_list</sys_class_name>
        <sys_created_by>admin</sys_created_by>
        <sys_created_on>2020-04-15 00:25:13</sys_created_on>
        <sys_domain>global</sys_domain>
        <sys_domain_path>/</sys_domain_path>
        <sys_id>5986d077908010107f4468f7a3a96fa2</sys_id>
        <sys_mod_count>1</sys_mod_count>
        <sys_name>Open - Unassigned</sys_name>
        <sys_overrides/>
        <sys_package display_value="CCW1856" source="x_cdltd_ccw1856">b5a05473908010107f4468f7a3a96f5c</sys_package>
        <sys_policy/>
        <sys_scope display_value="CCW1856">b5a05473908010107f4468f7a3a96f5c</sys_scope>
        <sys_update_name>sys_aw_list_5986d077908010107f4468f7a3a96fa2</sys_update_name>
        <sys_updated_by>admin</sys_updated_by>
        <sys_updated_on>2020-04-15 00:34:28</sys_updated_on>
        <table>x_cdltd_ccw1856_deployment_request</table>
        <title>Open - Unassigned</title>
        <workspace display_value="CCW1856">fe765437908010107f4468f7a3a96ffb</workspace>
    </sys_aw_list>
</record_update>
