<?xml version="1.0" encoding="UTF-8"?><record_update>
    <sys_ui_section caption="" section_id="617aa07390c010107f4468f7a3a96f29" sys_domain="global" table="x_cdltd_ccw1856_dev_scopes" version="3" view="">
        <sys_ui_element action="INSERT_OR_UPDATE">
            <element>name</element>
            <position>0</position>
            <sys_created_by>admin</sys_created_by>
            <sys_created_on>2020-04-15 01:53:01</sys_created_on>
            <sys_id>af9a647390c010107f4468f7a3a96faf</sys_id>
            <sys_mod_count>0</sys_mod_count>
            <sys_ui_formatter/>
            <sys_ui_section caption="NULL" display_value="" name="x_cdltd_ccw1856_dev_scopes" sys_domain="global" view="Default view">617aa07390c010107f4468f7a3a96f29</sys_ui_section>
            <sys_updated_by>admin</sys_updated_by>
            <sys_updated_on>2020-04-15 01:53:01</sys_updated_on>
            <sys_user/>
            <type/>
        </sys_ui_element>
        <sys_ui_element action="INSERT_OR_UPDATE">
            <element>scope</element>
            <position>1</position>
            <sys_created_by>admin</sys_created_by>
            <sys_created_on>2020-04-15 01:53:01</sys_created_on>
            <sys_id>279a647390c010107f4468f7a3a96fb0</sys_id>
            <sys_mod_count>0</sys_mod_count>
            <sys_ui_formatter/>
            <sys_ui_section caption="NULL" display_value="" name="x_cdltd_ccw1856_dev_scopes" sys_domain="global" view="Default view">617aa07390c010107f4468f7a3a96f29</sys_ui_section>
            <sys_updated_by>admin</sys_updated_by>
            <sys_updated_on>2020-04-15 01:53:01</sys_updated_on>
            <sys_user/>
            <type/>
        </sys_ui_element>
        <sys_ui_element action="INSERT_OR_UPDATE">
            <element>remote_sys_id</element>
            <position>2</position>
            <sys_created_by>admin</sys_created_by>
            <sys_created_on>2020-04-15 01:53:01</sys_created_on>
            <sys_id>ab9a647390c010107f4468f7a3a96fb0</sys_id>
            <sys_mod_count>0</sys_mod_count>
            <sys_ui_formatter/>
            <sys_ui_section caption="NULL" display_value="" name="x_cdltd_ccw1856_dev_scopes" sys_domain="global" view="Default view">617aa07390c010107f4468f7a3a96f29</sys_ui_section>
            <sys_updated_by>admin</sys_updated_by>
            <sys_updated_on>2020-04-15 01:53:01</sys_updated_on>
            <sys_user/>
            <type/>
        </sys_ui_element>
        <sys_ui_element action="INSERT_OR_UPDATE">
            <element>.split</element>
            <position>3</position>
            <sys_created_by>admin</sys_created_by>
            <sys_created_on>2020-04-15 01:53:01</sys_created_on>
            <sys_id>239a647390c010107f4468f7a3a96fb1</sys_id>
            <sys_mod_count>0</sys_mod_count>
            <sys_ui_formatter/>
            <sys_ui_section caption="NULL" display_value="" name="x_cdltd_ccw1856_dev_scopes" sys_domain="global" view="Default view">617aa07390c010107f4468f7a3a96f29</sys_ui_section>
            <sys_updated_by>admin</sys_updated_by>
            <sys_updated_on>2020-04-15 01:53:01</sys_updated_on>
            <sys_user/>
            <type>.split</type>
        </sys_ui_element>
        <sys_ui_element action="INSERT_OR_UPDATE">
            <element>active</element>
            <position>4</position>
            <sys_created_by>admin</sys_created_by>
            <sys_created_on>2020-04-15 01:53:01</sys_created_on>
            <sys_id>a79a647390c010107f4468f7a3a96fb1</sys_id>
            <sys_mod_count>0</sys_mod_count>
            <sys_ui_formatter/>
            <sys_ui_section caption="NULL" display_value="" name="x_cdltd_ccw1856_dev_scopes" sys_domain="global" view="Default view">617aa07390c010107f4468f7a3a96f29</sys_ui_section>
            <sys_updated_by>admin</sys_updated_by>
            <sys_updated_on>2020-04-15 01:53:01</sys_updated_on>
            <sys_user/>
            <type/>
        </sys_ui_element>
        <sys_ui_section action="INSERT_OR_UPDATE">
            <caption/>
            <header>false</header>
            <name>x_cdltd_ccw1856_dev_scopes</name>
            <roles/>
            <sys_class_name>sys_ui_section</sys_class_name>
            <sys_created_by>admin</sys_created_by>
            <sys_created_on>2020-04-15 01:52:20</sys_created_on>
            <sys_domain>global</sys_domain>
            <sys_domain_path>/</sys_domain_path>
            <sys_id>617aa07390c010107f4468f7a3a96f29</sys_id>
            <sys_mod_count>0</sys_mod_count>
            <sys_name>x_cdltd_ccw1856_dev_scopes</sys_name>
            <sys_overrides/>
            <sys_package display_value="CCW1856" source="x_cdltd_ccw1856">b5a05473908010107f4468f7a3a96f5c</sys_package>
            <sys_policy/>
            <sys_scope display_value="CCW1856">b5a05473908010107f4468f7a3a96f5c</sys_scope>
            <sys_update_name>sys_ui_section_617aa07390c010107f4468f7a3a96f29</sys_update_name>
            <sys_updated_by>admin</sys_updated_by>
            <sys_updated_on>2020-04-15 01:52:20</sys_updated_on>
            <sys_user/>
            <title>true</title>
            <view display_value="Default view" name="NULL">Default view</view>
            <view_name/>
        </sys_ui_section>
    </sys_ui_section>
</record_update>
