<?xml version="1.0" encoding="UTF-8"?><record_update table="sys_number">
    <sys_number action="INSERT_OR_UPDATE">
        <category display_value="" name="x_cdltd_ccw1856_cicd_team_setup">x_cdltd_ccw1856_cicd_team_setup</category>
        <maximum_digits>7</maximum_digits>
        <number>1000</number>
        <prefix>CIC</prefix>
        <sys_class_name>sys_number</sys_class_name>
        <sys_created_by>admin</sys_created_by>
        <sys_created_on>2020-04-15 00:23:16</sys_created_on>
        <sys_id>f0165c37908010107f4468f7a3a96f26</sys_id>
        <sys_mod_count>0</sys_mod_count>
        <sys_name>CIC</sys_name>
        <sys_package display_value="CCW1856" source="x_cdltd_ccw1856">b5a05473908010107f4468f7a3a96f5c</sys_package>
        <sys_policy/>
        <sys_scope display_value="CCW1856">b5a05473908010107f4468f7a3a96f5c</sys_scope>
        <sys_update_name>sys_number_f0165c37908010107f4468f7a3a96f26</sys_update_name>
        <sys_updated_by>admin</sys_updated_by>
        <sys_updated_on>2020-04-15 00:23:16</sys_updated_on>
    </sys_number>
</record_update>
