<?xml version="1.0" encoding="UTF-8"?><record_update table="sys_embedded_help_role">
    <sys_embedded_help_role action="INSERT_OR_UPDATE">
        <order>1000</order>
        <role display_value="x_cdltd_ccw1856.pipeline_user" name="x_cdltd_ccw1856.pipeline_user">53d190b3908010107f4468f7a3a96f7a</role>
        <sys_class_name>sys_embedded_help_role</sys_class_name>
        <sys_created_by>admin</sys_created_by>
        <sys_created_on>2020-04-15 00:04:52</sys_created_on>
        <sys_id>5bd190b3908010107f4468f7a3a96f7d</sys_id>
        <sys_mod_count>0</sys_mod_count>
        <sys_name>53d190b3908010107f4468f7a3a96f7a</sys_name>
        <sys_package display_value="CCW1856" source="x_cdltd_ccw1856">b5a05473908010107f4468f7a3a96f5c</sys_package>
        <sys_policy/>
        <sys_scope display_value="CCW1856">b5a05473908010107f4468f7a3a96f5c</sys_scope>
        <sys_update_name>sys_embedded_help_role_5bd190b3908010107f4468f7a3a96f7d</sys_update_name>
        <sys_updated_by>admin</sys_updated_by>
        <sys_updated_on>2020-04-15 00:04:52</sys_updated_on>
    </sys_embedded_help_role>
</record_update>
