<?xml version="1.0" encoding="UTF-8"?><record_update sys_domain="global" table="sys_ux_custom_content_root_elem">
    <sys_ux_custom_content_root_elem action="INSERT_OR_UPDATE">
        <active>true</active>
        <applicability>single</applicability>
        <applicable_page display_value="CCW1856">72765077908010107f4468f7a3a96f1d</applicable_page>
        <attrs/>
        <children/>
        <component display_value="now-uxf-viewport">3f75ec64a40f9432c9168bbda7b997de</component>
        <is_root>true</is_root>
        <layout/>
        <macroponent/>
        <macroponent_config/>
        <name>Home Module Content</name>
        <order>0</order>
        <page display_value="Workspace Core">b70867ad0f603300bb57f4a1ff767e15</page>
        <parent/>
        <parent_slot/>
        <picker display_value="Primary Content Option Picker">123c9bbd73c8330075e8f358caf6a791</picker>
        <picker_condition/>
        <placeholder display_value="Workspace Module Primary Content">123513475300330030c3ddeeff7b122f</placeholder>
        <sys_class_name>sys_ux_custom_content_root_elem</sys_class_name>
        <sys_created_by>admin</sys_created_by>
        <sys_created_on>2020-04-15 00:25:14</sys_created_on>
        <sys_domain>global</sys_domain>
        <sys_domain_path>/</sys_domain_path>
        <sys_id>ad86d077908010107f4468f7a3a96fbd</sys_id>
        <sys_mod_count>1</sys_mod_count>
        <sys_name>Home Module Content</sys_name>
        <sys_overrides/>
        <sys_package display_value="CCW1856" source="x_cdltd_ccw1856">b5a05473908010107f4468f7a3a96f5c</sys_package>
        <sys_policy/>
        <sys_scope display_value="CCW1856">b5a05473908010107f4468f7a3a96f5c</sys_scope>
        <sys_update_name>sys_ux_custom_content_root_elem_ad86d077908010107f4468f7a3a96fbd</sys_update_name>
        <sys_updated_by>admin</sys_updated_by>
        <sys_updated_on>2020-04-15 00:25:14</sys_updated_on>
        <tree_root/>
    </sys_ux_custom_content_root_elem>
    <sys_variable_value action="delete_multiple" query="document_key=ad86d077908010107f4468f7a3a96fbd"/>
    <sys_variable_value action="INSERT_OR_UPDATE">
        <document>sys_ux_custom_content_root_elem</document>
        <document_key>ad86d077908010107f4468f7a3a96fbd</document_key>
        <order>100</order>
        <sys_class_name>sys_variable_value</sys_class_name>
        <sys_created_by>admin</sys_created_by>
        <sys_created_on>2020-04-15 00:25:14</sys_created_on>
        <sys_id>ed86d077908010107f4468f7a3a96fc3</sys_id>
        <sys_mod_count>0</sys_mod_count>
        <sys_updated_by>admin</sys_updated_by>
        <sys_updated_on>2020-04-15 00:25:14</sys_updated_on>
        <value>home</value>
        <variable display_value="">1be7ac060f603300bb57f4a1ff767e52</variable>
    </sys_variable_value>
</record_update>
