<?xml version="1.0" encoding="UTF-8"?><record_update>
    <sys_ui_section caption="" section_id="cb3a607390c010107f4468f7a3a96fb5" sys_domain="global" table="x_cdltd_ccw1856_cicd_pipeline" version="3" view="">
        <sys_ui_element action="INSERT_OR_UPDATE">
            <element>name</element>
            <position>0</position>
            <sys_created_by>admin</sys_created_by>
            <sys_created_on>2020-04-15 01:52:01</sys_created_on>
            <sys_id>bc6ae07390c010107f4468f7a3a96f40</sys_id>
            <sys_mod_count>0</sys_mod_count>
            <sys_ui_formatter/>
            <sys_ui_section caption="NULL" display_value="" name="x_cdltd_ccw1856_cicd_pipeline" sys_domain="global" view="Default view">cb3a607390c010107f4468f7a3a96fb5</sys_ui_section>
            <sys_updated_by>admin</sys_updated_by>
            <sys_updated_on>2020-04-15 01:52:01</sys_updated_on>
            <sys_user/>
            <type/>
        </sys_ui_element>
        <sys_ui_element action="INSERT_OR_UPDATE">
            <element>.begin_split</element>
            <position>1</position>
            <sys_created_by>admin</sys_created_by>
            <sys_created_on>2020-04-15 01:52:01</sys_created_on>
            <sys_id>346ae07390c010107f4468f7a3a96f41</sys_id>
            <sys_mod_count>0</sys_mod_count>
            <sys_ui_formatter/>
            <sys_ui_section caption="NULL" display_value="" name="x_cdltd_ccw1856_cicd_pipeline" sys_domain="global" view="Default view">cb3a607390c010107f4468f7a3a96fb5</sys_ui_section>
            <sys_updated_by>admin</sys_updated_by>
            <sys_updated_on>2020-04-15 01:52:01</sys_updated_on>
            <sys_user/>
            <type>.begin_split</type>
        </sys_ui_element>
        <sys_ui_element action="INSERT_OR_UPDATE">
            <element>dev_environment</element>
            <position>2</position>
            <sys_created_by>admin</sys_created_by>
            <sys_created_on>2020-04-15 01:52:01</sys_created_on>
            <sys_id>b86ae07390c010107f4468f7a3a96f41</sys_id>
            <sys_mod_count>0</sys_mod_count>
            <sys_ui_formatter/>
            <sys_ui_section caption="NULL" display_value="" name="x_cdltd_ccw1856_cicd_pipeline" sys_domain="global" view="Default view">cb3a607390c010107f4468f7a3a96fb5</sys_ui_section>
            <sys_updated_by>admin</sys_updated_by>
            <sys_updated_on>2020-04-15 01:52:01</sys_updated_on>
            <sys_user/>
            <type/>
        </sys_ui_element>
        <sys_ui_element action="INSERT_OR_UPDATE">
            <element>test_environment</element>
            <position>3</position>
            <sys_created_by>admin</sys_created_by>
            <sys_created_on>2020-04-15 01:52:01</sys_created_on>
            <sys_id>306ae07390c010107f4468f7a3a96f42</sys_id>
            <sys_mod_count>0</sys_mod_count>
            <sys_ui_formatter/>
            <sys_ui_section caption="NULL" display_value="" name="x_cdltd_ccw1856_cicd_pipeline" sys_domain="global" view="Default view">cb3a607390c010107f4468f7a3a96fb5</sys_ui_section>
            <sys_updated_by>admin</sys_updated_by>
            <sys_updated_on>2020-04-15 01:52:01</sys_updated_on>
            <sys_user/>
            <type/>
        </sys_ui_element>
        <sys_ui_element action="INSERT_OR_UPDATE">
            <element>.split</element>
            <position>4</position>
            <sys_created_by>admin</sys_created_by>
            <sys_created_on>2020-04-15 01:52:01</sys_created_on>
            <sys_id>b46ae07390c010107f4468f7a3a96f42</sys_id>
            <sys_mod_count>0</sys_mod_count>
            <sys_ui_formatter/>
            <sys_ui_section caption="NULL" display_value="" name="x_cdltd_ccw1856_cicd_pipeline" sys_domain="global" view="Default view">cb3a607390c010107f4468f7a3a96fb5</sys_ui_section>
            <sys_updated_by>admin</sys_updated_by>
            <sys_updated_on>2020-04-15 01:52:01</sys_updated_on>
            <sys_user/>
            <type>.split</type>
        </sys_ui_element>
        <sys_ui_element action="INSERT_OR_UPDATE">
            <element>qa_environment</element>
            <position>5</position>
            <sys_created_by>admin</sys_created_by>
            <sys_created_on>2020-04-15 01:52:01</sys_created_on>
            <sys_id>3c6ae07390c010107f4468f7a3a96f42</sys_id>
            <sys_mod_count>0</sys_mod_count>
            <sys_ui_formatter/>
            <sys_ui_section caption="NULL" display_value="" name="x_cdltd_ccw1856_cicd_pipeline" sys_domain="global" view="Default view">cb3a607390c010107f4468f7a3a96fb5</sys_ui_section>
            <sys_updated_by>admin</sys_updated_by>
            <sys_updated_on>2020-04-15 01:52:01</sys_updated_on>
            <sys_user/>
            <type/>
        </sys_ui_element>
        <sys_ui_element action="INSERT_OR_UPDATE">
            <element>prod_environment</element>
            <position>6</position>
            <sys_created_by>admin</sys_created_by>
            <sys_created_on>2020-04-15 01:52:01</sys_created_on>
            <sys_id>b06ae07390c010107f4468f7a3a96f43</sys_id>
            <sys_mod_count>0</sys_mod_count>
            <sys_ui_formatter/>
            <sys_ui_section caption="NULL" display_value="" name="x_cdltd_ccw1856_cicd_pipeline" sys_domain="global" view="Default view">cb3a607390c010107f4468f7a3a96fb5</sys_ui_section>
            <sys_updated_by>admin</sys_updated_by>
            <sys_updated_on>2020-04-15 01:52:01</sys_updated_on>
            <sys_user/>
            <type/>
        </sys_ui_element>
        <sys_ui_section action="INSERT_OR_UPDATE">
            <caption/>
            <header>false</header>
            <name>x_cdltd_ccw1856_cicd_pipeline</name>
            <roles/>
            <sys_class_name>sys_ui_section</sys_class_name>
            <sys_created_by>admin</sys_created_by>
            <sys_created_on>2020-04-15 01:51:22</sys_created_on>
            <sys_domain>global</sys_domain>
            <sys_domain_path>/</sys_domain_path>
            <sys_id>cb3a607390c010107f4468f7a3a96fb5</sys_id>
            <sys_mod_count>0</sys_mod_count>
            <sys_name>x_cdltd_ccw1856_cicd_pipeline</sys_name>
            <sys_overrides/>
            <sys_package display_value="CCW1856" source="x_cdltd_ccw1856">b5a05473908010107f4468f7a3a96f5c</sys_package>
            <sys_policy/>
            <sys_scope display_value="CCW1856">b5a05473908010107f4468f7a3a96f5c</sys_scope>
            <sys_update_name>sys_ui_section_cb3a607390c010107f4468f7a3a96fb5</sys_update_name>
            <sys_updated_by>admin</sys_updated_by>
            <sys_updated_on>2020-04-15 01:51:22</sys_updated_on>
            <sys_user/>
            <title>true</title>
            <view display_value="Default view" name="NULL">Default view</view>
            <view_name/>
        </sys_ui_section>
    </sys_ui_section>
</record_update>
