<?xml version="1.0" encoding="UTF-8"?><record_update table="sys_app">
    <sys_app action="INSERT_OR_UPDATE">
        <active>true</active>
        <can_edit_in_studio>false</can_edit_in_studio>
        <enforce_license>none</enforce_license>
        <guided_setup_guid/>
        <js_level>helsinki_es5</js_level>
        <licensable>true</licensable>
        <license_category>none</license_category>
        <license_model>none</license_model>
        <logo/>
        <menu/>
        <name>CCW1856</name>
        <private>false</private>
        <restrict_table_access>false</restrict_table_access>
        <runtime_access_tracking>permissive</runtime_access_tracking>
        <scope>x_cdltd_ccw1856</scope>
        <scoped_administration>false</scoped_administration>
        <short_description>Example Workshop for CICD</short_description>
        <source>x_cdltd_ccw1856</source>
        <store_correlation_id/>
        <store_url/>
        <sys_class_name>sys_app</sys_class_name>
        <sys_code/>
        <sys_created_by>admin</sys_created_by>
        <sys_created_on>2020-04-14 23:59:35</sys_created_on>
        <sys_id>b5a05473908010107f4468f7a3a96f5c</sys_id>
        <sys_mod_count>2</sys_mod_count>
        <sys_updated_by>admin</sys_updated_by>
        <sys_updated_on>2020-04-15 15:08:27</sys_updated_on>
        <template/>
        <trackable>true</trackable>
        <user_role/>
        <vendor/>
        <vendor_prefix/>
        <version>1.0.1</version>
    </sys_app>
</record_update>
